"Iteration","Variable_Removed","CI_Value","PI_Value"
1,"waist_hip",1256.05122605448,0.132224290190957
2,"hba1c",1256.05122605448,0.879701321685392
3,"glucose_postprandial",1256.05122605448,0.954115428185711
4,"hr",1256.05122605448,0.861039686188316
