"Iteration","Variable_Removed","CI_Value","PI_Value"
1,"waist_hip",1256.05122605448,0.132224290190957
2,"hba1c",1256.05122605448,0.879701321685392
3,"glucose_fasting",1256.05122605448,0.682818659463555
4,"systolic_bp",1256.05122605448,0.875894450854599
5,"diastolic_bp",1256.05122605448,0.956285934972284
